Transaction ID,Date,Product Category,Product Name,Color,Units Sold,Unit Price,Total Revenue,Region,Payment Method
1001,2024-01-01,Lower Wear,Cargo Shorts,Khaki,2,1299,2598,Bangalore,Debit Card
1002,2024-01-01,Lower Wear,Cargo Shorts,Black,1,1299,1299,Bangalore,Credit Card
1003,2024-01-01,Upper Wear,Denim Jacket,Black,2,4999,9998,Bangalore,Debit Card
1004,2024-01-01,Lower Wear,Chino Pants,Beige,3,1999,5997,Bangalore,Credit Card
1005,2024-01-01,Lower Wear,Chino Pants,Beige,3,1999,5997,Bangalore,UPI
1006,2024-01-01,Lower Wear,Cargo Shorts,Black,2,1299,2598,Bangalore,UPI
1007,2024-01-01,Lower Wear,Slim Jeans,Dark Blue,1,2999,2999,Bangalore,Credit Card
1008,2024-01-01,Upper Wear,Hooded Sweatshirt,Black,3,2499,7497,Bangalore,UPI
1009,2024-01-01,Upper Wear,Casual Shirt,Grey,2,1499,2998,Bangalore,Debit Card
1010,2024-01-01,Upper Wear,Denim Jacket,Indigo,3,4999,14997,Bangalore,Debit Card
1011,2024-01-01,Lower Wear,Cargo Shorts,Black,2,1299,2598,Bangalore,Credit Card
1012,2024-01-01,Upper Wear,Casual Shirt,Blue,2,1499,2998,Bangalore,Credit Card
1013,2024-01-01,Lower Wear,Cargo Shorts,Khaki,3,1299,3897,Mumbai,UPI
1014,2024-01-01,Lower Wear,Cargo Shorts,Black,1,1299,1299,Mumbai,Credit Card
1015,2024-01-01,Lower Wear,Cargo Shorts,Khaki,3,1299,3897,Mumbai,UPI
1016,2024-01-01,Lower Wear,Cargo Shorts,Black,3,1299,3897,Mumbai,UPI
1017,2024-01-01,Lower Wear,Cargo Shorts,Black,1,1299,1299,Mumbai,Debit Card
1018,2024-01-01,Upper Wear,Casual Shirt,Blue,3,1499,4497,Mumbai,Debit Card
1019,2024-01-01,Lower Wear,Chino Pants,Olive,1,1999,1999,Mumbai,Credit Card
1020,2024-01-01,Lower Wear,Slim Jeans,Light Blue,3,2999,8997,Mumbai,Credit Card
1021,2024-01-01,Lower Wear,Jogger Pants,Navy,3,1799,5397,Mumbai,Debit Card
1022,2024-01-01,Lower Wear,Jogger Pants,Navy,1,1799,1799,Mumbai,Credit Card
1023,2024-01-01,Lower Wear,Cargo Shorts,Khaki,3,1299,3897,Mumbai,Credit Card
1024,2024-01-01,Upper Wear,Denim Jacket,Black,1,4999,4999,Mumbai,Credit Card
1025,2024-01-01,Lower Wear,Chino Pants,Beige,1,1999,1999,Delhi,UPI
1026,2024-01-01,Upper Wear,Hooded Sweatshirt,Black,3,2499,7497,Delhi,UPI
1027,2024-01-01,Upper Wear,Denim Jacket,Indigo,3,4999,14997,Delhi,UPI
1028,2024-01-01,Lower Wear,Slim Jeans,Dark Blue,1,2999,2999,Delhi,UPI
1029,2024-01-01,Lower Wear,Cargo Shorts,Khaki,1,1299,1299,Delhi,UPI
1030,2024-01-01,Upper Wear,Casual Shirt,Blue,3,1499,4497,Delhi,Debit Card
1031,2024-01-01,Lower Wear,Cargo Shorts,Black,3,1299,3897,Delhi,UPI
1032,2024-01-01,Lower Wear,Cargo Shorts,Khaki,2,1299,2598,Delhi,UPI
1033,2024-01-01,Lower Wear,Jogger Pants,Navy,3,1799,5397,Delhi,Credit Card
1034,2024-01-01,Lower Wear,Chino Pants,Beige,3,1999,5997,Delhi,Credit Card
1035,2024-01-01,Upper Wear,Slim Fit T-Shirt,Black,2,799,1598,Delhi,UPI
1036,2024-01-01,Upper Wear,Denim Jacket,Black,3,4999,14997,Delhi,UPI
1037,2024-01-01,Lower Wear,Jogger Pants,Navy,1,1799,1799,Hyderabad,UPI
1038,2024-01-01,Upper Wear,Denim Jacket,Indigo,1,4999,4999,Hyderabad,Credit Card
1039,2024-01-01,Upper Wear,Denim Jacket,Black,2,4999,9998,Hyderabad,UPI
1040,2024-01-01,Lower Wear,Chino Pants,Beige,3,1999,5997,Hyderabad,UPI
1041,2024-01-01,Upper Wear,Denim Jacket,Black,3,4999,14997,Hyderabad,Debit Card
1042,2024-01-01,Upper Wear,Slim Fit T-Shirt,White,2,799,1598,Hyderabad,Credit Card
1043,2024-01-01,Upper Wear,Casual Shirt,Grey,3,1499,4497,Hyderabad,UPI
1044,2024-01-01,Upper Wear,Denim Jacket,Indigo,1,4999,4999,Hyderabad,UPI
1045,2024-01-01,Upper Wear,Denim Jacket,Indigo,1,4999,4999,Hyderabad,Credit Card
1046,2024-01-02,Lower Wear,Jogger Pants,Navy,3,1799,5397,Bangalore,UPI
1047,2024-01-02,Lower Wear,Chino Pants,Beige,3,1999,5997,Bangalore,Credit Card
1048,2024-01-02,Upper Wear,Denim Jacket,Indigo,2,4999,9998,Bangalore,UPI
1049,2024-01-02,Lower Wear,Jogger Pants,Navy,2,1799,3598,Bangalore,Credit Card
1050,2024-01-02,Upper Wear,Denim Jacket,Indigo,3,4999,14997,Bangalore,Debit Card
1051,2024-01-02,Lower Wear,Cargo Shorts,Black,1,1299,1299,Bangalore,Credit Card
1052,2024-01-02,Upper Wear,Slim Fit T-Shirt,Black,1,799,799,Bangalore,Credit Card
1053,2024-01-02,Lower Wear,Jogger Pants,Navy,1,1799,1799,Bangalore,Credit Card
1054,2024-01-02,Lower Wear,Jogger Pants,Grey,1,1799,1799,Bangalore,Debit Card
1055,2024-01-02,Lower Wear,Chino Pants,Beige,3,1999,5997,Bangalore,UPI
1056,2024-01-02,Upper Wear,Denim Jacket,Indigo,2,4999,9998,Bangalore,Debit Card
1057,2024-01-02,Upper Wear,Hooded Sweatshirt,Red,1,2499,2499,Bangalore,Credit Card
1058,2024-01-02,Lower Wear,Slim Jeans,Dark Blue,2,2999,5998,Mumbai,UPI
1059,2024-01-02,Upper Wear,Denim Jacket,Black,2,4999,9998,Mumbai,Debit Card
1060,2024-01-02,Upper Wear,Slim Fit T-Shirt,Black,1,799,799,Mumbai,Credit Card
1061,2024-01-02,Upper Wear,Denim Jacket,Indigo,1,4999,4999,Mumbai,Debit Card
1062,2024-01-02,Lower Wear,Cargo Shorts,Black,1,1299,1299,Mumbai,Debit Card
1063,2024-01-02,Lower Wear,Cargo Shorts,Khaki,1,1299,1299,Mumbai,UPI
1064,2024-01-02,Lower Wear,Chino Pants,Beige,3,1999,5997,Mumbai,Debit Card
1065,2024-01-02,Upper Wear,Denim Jacket,Indigo,1,4999,4999,Mumbai,UPI
1066,2024-01-02,Lower Wear,Cargo Shorts,Khaki,1,1299,1299,Mumbai,UPI
1067,2024-01-02,Upper Wear,Casual Shirt,Blue,1,1499,1499,Mumbai,UPI
1068,2024-01-02,Lower Wear,Chino Pants,Olive,1,1999,1999,Mumbai,Credit Card
1069,2024-01-02,Lower Wear,Cargo Shorts,Black,2,1299,2598,Mumbai,Debit Card
1070,2024-01-02,Lower Wear,Jogger Pants,Grey,1,1799,1799,Delhi,UPI
1071,2024-01-02,Lower Wear,Cargo Shorts,Black,1,1299,1299,Delhi,Debit Card
1072,2024-01-02,Upper Wear,Slim Fit T-Shirt,White,2,799,1598,Delhi,UPI
1073,2024-01-02,Lower Wear,Cargo Shorts,Black,2,1299,2598,Delhi,Debit Card
1074,2024-01-02,Upper Wear,Casual Shirt,Blue,2,1499,2998,Delhi,UPI
1075,2024-01-02,Lower Wear,Jogger Pants,Navy,3,1799,5397,Delhi,Debit Card
1076,2024-01-02,Upper Wear,Hooded Sweatshirt,Black,1,2499,2499,Delhi,Debit Card
1077,2024-01-02,Upper Wear,Casual Shirt,Blue,2,1499,2998,Delhi,UPI
1078,2024-01-02,Upper Wear,Denim Jacket,Black,1,4999,4999,Delhi,UPI
1079,2024-01-02,Lower Wear,Jogger Pants,Navy,3,1799,5397,Delhi,UPI
1080,2024-01-02,Lower Wear,Jogger Pants,Grey,1,1799,1799,Delhi,Credit Card
1081,2024-01-02,Lower Wear,Jogger Pants,Grey,2,1799,3598,Delhi,Debit Card
1082,2024-01-02,Lower Wear,Chino Pants,Beige,2,1999,3998,Hyderabad,UPI
1083,2024-01-02,Upper Wear,Slim Fit T-Shirt,Black,2,799,1598,Hyderabad,Credit Card
1084,2024-01-02,Upper Wear,Hooded Sweatshirt,Black,3,2499,7497,Hyderabad,UPI
1085,2024-01-02,Upper Wear,Casual Shirt,Blue,1,1499,1499,Hyderabad,Credit Card
1086,2024-01-02,Upper Wear,Slim Fit T-Shirt,White,2,799,1598,Hyderabad,Credit Card
1087,2024-01-02,Upper Wear,Denim Jacket,Black,3,4999,14997,Hyderabad,UPI
1088,2024-01-02,Lower Wear,Chino Pants,Beige,1,1999,1999,Hyderabad,Debit Card
1089,2024-01-02,Upper Wear,Slim Fit T-Shirt,White,1,799,799,Hyderabad,Debit Card
1090,2024-01-02,Lower Wear,Cargo Shorts,Black,3,1299,3897,Hyderabad,UPI
1091,2024-01-03,Lower Wear,Slim Jeans,Dark Blue,1,2999,2999,Bangalore,Debit Card
1092,2024-01-03,Lower Wear,Jogger Pants,Navy,1,1799,1799,Bangalore,Debit Card
1093,2024-01-03,Lower Wear,Chino Pants,Beige,3,1999,5997,Bangalore,Credit Card
1094,2024-01-03,Upper Wear,Slim Fit T-Shirt,Black,3,799,2397,Bangalore,Debit Card
1095,2024-01-03,Upper Wear,Casual Shirt,Grey,1,1499,1499,Bangalore,Debit Card
1096,2024-01-03,Lower Wear,Slim Jeans,Dark Blue,2,2999,5998,Bangalore,Credit Card
1097,2024-01-03,Lower Wear,Cargo Shorts,Black,1,1299,1299,Bangalore,Debit Card
1098,2024-01-03,Upper Wear,Hooded Sweatshirt,Black,3,2499,7497,Bangalore,Debit Card
1099,2024-01-03,Upper Wear,Denim Jacket,Indigo,3,4999,14997,Bangalore,Credit Card
1100,2024-01-03,Upper Wear,Casual Shirt,Blue,1,1499,1499,Bangalore,Debit Card
1101,2024-01-03,Upper Wear,Denim Jacket,Indigo,2,4999,9998,Bangalore,UPI
1102,2024-01-03,Upper Wear,Slim Fit T-Shirt,White,2,799,1598,Bangalore,Debit Card
1103,2024-01-03,Lower Wear,Jogger Pants,Grey,3,1799,5397,Mumbai,Debit Card
1104,2024-01-03,Upper Wear,Denim Jacket,Indigo,1,4999,4999,Mumbai,UPI
1105,2024-01-03,Lower Wear,Cargo Shorts,Black,3,1299,3897,Mumbai,Credit Card
1106,2024-01-03,Upper Wear,Denim Jacket,Black,3,4999,14997,Mumbai,Debit Card
1107,2024-01-03,Upper Wear,Hooded Sweatshirt,Red,3,2499,7497,Mumbai,Credit Card
1108,2024-01-03,Upper Wear,Hooded Sweatshirt,Red,1,2499,2499,Mumbai,UPI
1109,2024-01-03,Lower Wear,Slim Jeans,Light Blue,1,2999,2999,Mumbai,UPI
1110,2024-01-03,Lower Wear,Jogger Pants,Navy,2,1799,3598,Mumbai,Credit Card
1111,2024-01-03,Upper Wear,Denim Jacket,Black,3,4999,14997,Mumbai,Credit Card
1112,2024-01-03,Lower Wear,Chino Pants,Beige,3,1999,5997,Mumbai,Debit Card
1113,2024-01-03,Lower Wear,Slim Jeans,Light Blue,1,2999,2999,Mumbai,Debit Card
1114,2024-01-03,Upper Wear,Hooded Sweatshirt,Black,1,2499,2499,Mumbai,UPI
1115,2024-01-03,Lower Wear,Slim Jeans,Dark Blue,1,2999,2999,Delhi,UPI
1116,2024-01-03,Lower Wear,Jogger Pants,Navy,2,1799,3598,Delhi,Debit Card
1117,2024-01-03,Upper Wear,Slim Fit T-Shirt,White,2,799,1598,Delhi,UPI
1118,2024-01-03,Lower Wear,Slim Jeans,Dark Blue,3,2999,8997,Delhi,Debit Card
1119,2024-01-03,Upper Wear,Slim Fit T-Shirt,White,2,799,1598,Delhi,Debit Card
1120,2024-01-03,Lower Wear,Slim Jeans,Dark Blue,1,2999,2999,Delhi,UPI
1121,2024-01-03,Lower Wear,Chino Pants,Beige,1,1999,1999,Delhi,Credit Card
1122,2024-01-03,Upper Wear,Slim Fit T-Shirt,Black,1,799,799,Delhi,Credit Card
1123,2024-01-03,Lower Wear,Slim Jeans,Dark Blue,2,2999,5998,Delhi,UPI
1124,2024-01-03,Lower Wear,Cargo Shorts,Khaki,2,1299,2598,Delhi,UPI
1125,2024-01-03,Upper Wear,Hooded Sweatshirt,Red,3,2499,7497,Delhi,Debit Card
1126,2024-01-03,Lower Wear,Jogger Pants,Grey,1,1799,1799,Delhi,UPI
1127,2024-01-03,Upper Wear,Hooded Sweatshirt,Black,3,2499,7497,Hyderabad,UPI
1128,2024-01-03,Lower Wear,Chino Pants,Beige,3,1999,5997,Hyderabad,Credit Card
1129,2024-01-03,Lower Wear,Cargo Shorts,Khaki,1,1299,1299,Hyderabad,Debit Card
1130,2024-01-03,Lower Wear,Cargo Shorts,Khaki,3,1299,3897,Hyderabad,Credit Card
1131,2024-01-03,Upper Wear,Hooded Sweatshirt,Black,1,2499,2499,Hyderabad,Credit Card
1132,2024-01-03,Upper Wear,Slim Fit T-Shirt,White,2,799,1598,Hyderabad,Debit Card
1133,2024-01-03,Lower Wear,Chino Pants,Beige,2,1999,3998,Hyderabad,Credit Card
1134,2024-01-03,Upper Wear,Casual Shirt,Grey,1,1499,1499,Hyderabad,Credit Card
1135,2024-01-03,Upper Wear,Denim Jacket,Indigo,3,4999,14997,Hyderabad,UPI
1136,2024-01-04,Lower Wear,Slim Jeans,Dark Blue,2,2999,5998,Bangalore,Debit Card
1137,2024-01-04,Lower Wear,Chino Pants,Beige,1,1999,1999,Bangalore,UPI
1138,2024-01-04,Upper Wear,Hooded Sweatshirt,Red,2,2499,4998,Bangalore,Credit Card
1139,2024-01-04,Upper Wear,Slim Fit T-Shirt,White,2,799,1598,Bangalore,Credit Card
1140,2024-01-04,Lower Wear,Jogger Pants,Grey,2,1799,3598,Bangalore,Credit Card
1141,2024-01-04,Upper Wear,Hooded Sweatshirt,Black,1,2499,2499,Bangalore,UPI
1142,2024-01-04,Upper Wear,Casual Shirt,Grey,3,1499,4497,Bangalore,Credit Card
1143,2024-01-04,Upper Wear,Hooded Sweatshirt,Black,3,2499,7497,Bangalore,Credit Card
1144,2024-01-04,Lower Wear,Slim Jeans,Light Blue,3,2999,8997,Bangalore,Credit Card
1145,2024-01-04,Lower Wear,Jogger Pants,Grey,3,1799,5397,Bangalore,UPI
1146,2024-01-04,Lower Wear,Jogger Pants,Grey,3,1799,5397,Bangalore,Debit Card
1147,2024-01-04,Lower Wear,Jogger Pants,Navy,2,1799,3598,Bangalore,UPI
1148,2024-01-04,Upper Wear,Denim Jacket,Black,2,4999,9998,Mumbai,Debit Card
1149,2024-01-04,Upper Wear,Hooded Sweatshirt,Red,2,2499,4998,Mumbai,Credit Card
1150,2024-01-04,Lower Wear,Slim Jeans,Light Blue,1,2999,2999,Mumbai,UPI
1151,2024-01-04,Lower Wear,Cargo Shorts,Black,2,1299,2598,Mumbai,Debit Card
1152,2024-01-04,Upper Wear,Denim Jacket,Indigo,3,4999,14997,Mumbai,UPI
1153,2024-01-04,Upper Wear,Denim Jacket,Black,3,4999,14997,Mumbai,Debit Card
1154,2024-01-04,Lower Wear,Chino Pants,Beige,2,1999,3998,Mumbai,UPI
1155,2024-01-04,Lower Wear,Jogger Pants,Grey,1,1799,1799,Mumbai,Debit Card
1156,2024-01-04,Lower Wear,Chino Pants,Beige,2,1999,3998,Mumbai,UPI
1157,2024-01-04,Lower Wear,Slim Jeans,Dark Blue,1,2999,2999,Mumbai,UPI
1158,2024-01-04,Lower Wear,Chino Pants,Beige,1,1999,1999,Mumbai,UPI
1159,2024-01-04,Upper Wear,Casual Shirt,Blue,1,1499,1499,Mumbai,Debit Card
1160,2024-01-04,Lower Wear,Jogger Pants,Navy,3,1799,5397,Delhi,Debit Card
1161,2024-01-04,Lower Wear,Jogger Pants,Grey,3,1799,5397,Delhi,Debit Card
1162,2024-01-04,Upper Wear,Casual Shirt,Blue,3,1499,4497,Delhi,Debit Card
1163,2024-01-04,Lower Wear,Chino Pants,Beige,1,1999,1999,Delhi,Debit Card
1164,2024-01-04,Lower Wear,Slim Jeans,Dark Blue,1,2999,2999,Delhi,Debit Card
1165,2024-01-04,Upper Wear,Slim Fit T-Shirt,Black,2,799,1598,Delhi,UPI
1166,2024-01-04,Lower Wear,Slim Jeans,Dark Blue,1,2999,2999,Delhi,Debit Card
1167,2024-01-04,Lower Wear,Cargo Shorts,Black,1,1299,1299,Delhi,UPI
1168,2024-01-04,Upper Wear,Hooded Sweatshirt,Black,1,2499,2499,Delhi,UPI
1169,2024-01-04,Lower Wear,Cargo Shorts,Black,2,1299,2598,Delhi,Credit Card
1170,2024-01-04,Upper Wear,Denim Jacket,Indigo,3,4999,14997,Delhi,UPI
1171,2024-01-04,Upper Wear,Casual Shirt,Blue,2,1499,2998,Delhi,Credit Card
1172,2024-01-04,Upper Wear,Denim Jacket,Indigo,1,4999,4999,Hyderabad,UPI
1173,2024-01-04,Upper Wear,Casual Shirt,Blue,3,1499,4497,Hyderabad,UPI
1174,2024-01-04,Upper Wear,Slim Fit T-Shirt,White,3,799,2397,Hyderabad,Credit Card
1175,2024-01-04,Lower Wear,Jogger Pants,Navy,2,1799,3598,Hyderabad,UPI
1176,2024-01-04,Lower Wear,Cargo Shorts,Khaki,3,1299,3897,Hyderabad,Credit Card
1177,2024-01-04,Upper Wear,Casual Shirt,Grey,2,1499,2998,Hyderabad,Debit Card
1178,2024-01-04,Upper Wear,Slim Fit T-Shirt,White,3,799,2397,Hyderabad,Credit Card
1179,2024-01-04,Lower Wear,Jogger Pants,Navy,2,1799,3598,Hyderabad,Credit Card
1180,2024-01-04,Upper Wear,Denim Jacket,Indigo,3,4999,14997,Hyderabad,UPI
1181,2024-01-05,Lower Wear,Chino Pants,Beige,2,1999,3998,Bangalore,UPI
1182,2024-01-05,Upper Wear,Slim Fit T-Shirt,Black,3,799,2397,Bangalore,UPI
1183,2024-01-05,Lower Wear,Chino Pants,Beige,3,1999,5997,Bangalore,Credit Card
1184,2024-01-05,Upper Wear,Slim Fit T-Shirt,White,1,799,799,Bangalore,UPI
1185,2024-01-05,Upper Wear,Casual Shirt,Grey,1,1499,1499,Bangalore,Debit Card
1186,2024-01-05,Upper Wear,Casual Shirt,Grey,2,1499,2998,Bangalore,Debit Card
1187,2024-01-05,Lower Wear,Slim Jeans,Dark Blue,3,2999,8997,Bangalore,UPI
1188,2024-01-05,Lower Wear,Cargo Shorts,Black,1,1299,1299,Bangalore,UPI
1189,2024-01-05,Upper Wear,Hooded Sweatshirt,Red,1,2499,2499,Bangalore,Debit Card
1190,2024-01-05,Lower Wear,Slim Jeans,Light Blue,2,2999,5998,Bangalore,Debit Card
1191,2024-01-05,Upper Wear,Casual Shirt,Grey,1,1499,1499,Bangalore,Credit Card
1192,2024-01-05,Upper Wear,Hooded Sweatshirt,Red,2,2499,4998,Bangalore,Debit Card
1193,2024-01-05,Upper Wear,Slim Fit T-Shirt,White,2,799,1598,Mumbai,UPI
1194,2024-01-05,Upper Wear,Slim Fit T-Shirt,White,3,799,2397,Mumbai,Debit Card
1195,2024-01-05,Lower Wear,Cargo Shorts,Black,1,1299,1299,Mumbai,Debit Card
1196,2024-01-05,Lower Wear,Chino Pants,Beige,3,1999,5997,Mumbai,UPI
1197,2024-01-05,Upper Wear,Casual Shirt,Grey,1,1499,1499,Mumbai,Debit Card
1198,2024-01-05,Lower Wear,Slim Jeans,Light Blue,2,2999,5998,Mumbai,Debit Card
1199,2024-01-05,Lower Wear,Chino Pants,Beige,2,1999,3998,Mumbai,Debit Card
1200,2024-01-05,Lower Wear,Jogger Pants,Navy,3,1799,5397,Mumbai,UPI
1201,2024-01-05,Upper Wear,Slim Fit T-Shirt,White,2,799,1598,Mumbai,UPI
1202,2024-01-05,Lower Wear,Cargo Shorts,Khaki,2,1299,2598,Mumbai,Credit Card
1203,2024-01-05,Lower Wear,Slim Jeans,Light Blue,1,2999,2999,Mumbai,Debit Card
1204,2024-01-05,Lower Wear,Slim Jeans,Dark Blue,2,2999,5998,Mumbai,Debit Card
1205,2024-01-05,Upper Wear,Slim Fit T-Shirt,Black,2,799,1598,Delhi,Credit Card
1206,2024-01-05,Lower Wear,Chino Pants,Beige,3,1999,5997,Delhi,Credit Card
1207,2024-01-05,Lower Wear,Cargo Shorts,Black,3,1299,3897,Delhi,Credit Card
1208,2024-01-05,Upper Wear,Casual Shirt,Blue,3,1499,4497,Delhi,Credit Card
1209,2024-01-05,Lower Wear,Chino Pants,Beige,2,1999,3998,Delhi,UPI
1210,2024-01-05,Upper Wear,Slim Fit T-Shirt,White,2,799,1598,Delhi,UPI
1211,2024-01-05,Upper Wear,Hooded Sweatshirt,Black,3,2499,7497,Delhi,Credit Card
1212,2024-01-05,Upper Wear,Hooded Sweatshirt,Black,3,2499,7497,Delhi,UPI
1213,2024-01-05,Lower Wear,Jogger Pants,Grey,3,1799,5397,Delhi,Credit Card
1214,2024-01-05,Upper Wear,Denim Jacket,Indigo,1,4999,4999,Delhi,Credit Card
1215,2024-01-05,Upper Wear,Casual Shirt,Blue,3,1499,4497,Delhi,Debit Card
1216,2024-01-05,Lower Wear,Chino Pants,Beige,2,1999,3998,Delhi,Credit Card
1217,2024-01-05,Lower Wear,Chino Pants,Beige,3,1999,5997,Hyderabad,Debit Card
1218,2024-01-05,Upper Wear,Casual Shirt,Grey,1,1499,1499,Hyderabad,UPI
1219,2024-01-05,Upper Wear,Hooded Sweatshirt,Black,3,2499,7497,Hyderabad,Credit Card
1220,2024-01-05,Lower Wear,Cargo Shorts,Black,3,1299,3897,Hyderabad,Credit Card
1221,2024-01-05,Lower Wear,Cargo Shorts,Khaki,1,1299,1299,Hyderabad,Credit Card
1222,2024-01-05,Upper Wear,Casual Shirt,Blue,2,1499,2998,Hyderabad,Credit Card
1223,2024-01-05,Lower Wear,Slim Jeans,Dark Blue,3,2999,8997,Hyderabad,Credit Card
1224,2024-01-05,Lower Wear,Cargo Shorts,Khaki,1,1299,1299,Hyderabad,UPI
1225,2024-01-05,Upper Wear,Casual Shirt,Grey,2,1499,2998,Hyderabad,Credit Card
1226,2024-01-06,Upper Wear,Denim Jacket,Indigo,2,4999,9998,Bangalore,Debit Card
1227,2024-01-06,Lower Wear,Chino Pants,Beige,3,1999,5997,Bangalore,Credit Card
1228,2024-01-06,Lower Wear,Slim Jeans,Light Blue,3,2999,8997,Bangalore,UPI
1229,2024-01-06,Upper Wear,Hooded Sweatshirt,Black,1,2499,2499,Bangalore,UPI
1230,2024-01-06,Lower Wear,Slim Jeans,Dark Blue,1,2999,2999,Bangalore,UPI
1231,2024-01-06,Upper Wear,Slim Fit T-Shirt,Black,3,799,2397,Bangalore,Credit Card
1232,2024-01-06,Lower Wear,Cargo Shorts,Black,3,1299,3897,Bangalore,Debit Card
1233,2024-01-06,Lower Wear,Cargo Shorts,Black,1,1299,1299,Bangalore,UPI
1234,2024-01-06,Upper Wear,Denim Jacket,Black,2,4999,9998,Bangalore,UPI
1235,2024-01-06,Lower Wear,Cargo Shorts,Black,3,1299,3897,Bangalore,Credit Card
1236,2024-01-06,Upper Wear,Slim Fit T-Shirt,Black,2,799,1598,Bangalore,Debit Card
1237,2024-01-06,Lower Wear,Cargo Shorts,Black,1,1299,1299,Bangalore,UPI
1238,2024-01-06,Upper Wear,Hooded Sweatshirt,Black,1,2499,2499,Bangalore,Credit Card
1239,2024-01-06,Lower Wear,Jogger Pants,Grey,1,1799,1799,Mumbai,Credit Card
1240,2024-01-06,Lower Wear,Jogger Pants,Grey,1,1799,1799,Mumbai,Credit Card
1241,2024-01-06,Upper Wear,Denim Jacket,Black,2,4999,9998,Mumbai,Debit Card
1242,2024-01-06,Upper Wear,Slim Fit T-Shirt,Black,2,799,1598,Mumbai,Credit Card
1243,2024-01-06,Upper Wear,Hooded Sweatshirt,Red,1,2499,2499,Mumbai,Credit Card
1244,2024-01-06,Lower Wear,Jogger Pants,Navy,2,1799,3598,Mumbai,Debit Card
1245,2024-01-06,Lower Wear,Slim Jeans,Dark Blue,1,2999,2999,Mumbai,UPI
1246,2024-01-06,Lower Wear,Jogger Pants,Grey,2,1799,3598,Mumbai,UPI
1247,2024-01-06,Lower Wear,Cargo Shorts,Black,2,1299,2598,Mumbai,Debit Card
1248,2024-01-06,Upper Wear,Casual Shirt,Blue,2,1499,2998,Mumbai,UPI
1249,2024-01-06,Lower Wear,Chino Pants,Beige,1,1999,1999,Mumbai,Debit Card
1250,2024-01-06,Upper Wear,Hooded Sweatshirt,Red,1,2499,2499,Mumbai,Debit Card
1251,2024-01-06,Upper Wear,Denim Jacket,Indigo,3,4999,14997,Mumbai,Credit Card
1252,2024-01-06,Lower Wear,Chino Pants,Beige,2,1999,3998,Delhi,Debit Card
1253,2024-01-06,Lower Wear,Jogger Pants,Navy,3,1799,5397,Delhi,UPI
1254,2024-01-06,Lower Wear,Jogger Pants,Navy,1,1799,1799,Delhi,Debit Card
1255,2024-01-06,Upper Wear,Casual Shirt,Grey,2,1499,2998,Delhi,UPI
1256,2024-01-06,Upper Wear,Hooded Sweatshirt,Black,2,2499,4998,Delhi,UPI
1257,2024-01-06,Lower Wear,Cargo Shorts,Khaki,2,1299,2598,Delhi,Credit Card
1258,2024-01-06,Lower Wear,Jogger Pants,Navy,3,1799,5397,Delhi,Credit Card
1259,2024-01-06,Upper Wear,Casual Shirt,Blue,2,1499,2998,Delhi,UPI
1260,2024-01-06,Upper Wear,Casual Shirt,Blue,3,1499,4497,Delhi,Credit Card
1261,2024-01-06,Upper Wear,Casual Shirt,Grey,1,1499,1499,Delhi,UPI
1262,2024-01-06,Lower Wear,Chino Pants,Beige,2,1999,3998,Delhi,Credit Card
1263,2024-01-06,Lower Wear,Cargo Shorts,Khaki,3,1299,3897,Delhi,UPI
1264,2024-01-06,Upper Wear,Denim Jacket,Black,2,4999,9998,Delhi,Debit Card
1265,2024-01-06,Upper Wear,Casual Shirt,Blue,2,1499,2998,Hyderabad,Debit Card
1266,2024-01-06,Lower Wear,Cargo Shorts,Khaki,3,1299,3897,Hyderabad,UPI
1267,2024-01-06,Upper Wear,Denim Jacket,Black,1,4999,4999,Hyderabad,UPI
1268,2024-01-06,Lower Wear,Jogger Pants,Navy,3,1799,5397,Hyderabad,Debit Card
1269,2024-01-06,Lower Wear,Slim Jeans,Dark Blue,3,2999,8997,Hyderabad,Debit Card
1270,2024-01-06,Upper Wear,Denim Jacket,Black,3,4999,14997,Hyderabad,Credit Card
1271,2024-01-06,Lower Wear,Jogger Pants,Grey,2,1799,3598,Hyderabad,Credit Card
1272,2024-01-06,Upper Wear,Casual Shirt,Grey,1,1499,1499,Hyderabad,Credit Card
1273,2024-01-06,Upper Wear,Casual Shirt,Grey,1,1499,1499,Hyderabad,Debit Card
1274,2024-01-06,Lower Wear,Chino Pants,Beige,3,1999,5997,Hyderabad,Debit Card
1275,2024-01-07,Lower Wear,Jogger Pants,Navy,1,1799,1799,Bangalore,Debit Card
1276,2024-01-07,Upper Wear,Hooded Sweatshirt,Black,3,2499,7497,Bangalore,Credit Card
1277,2024-01-07,Upper Wear,Hooded Sweatshirt,Black,2,2499,4998,Bangalore,Credit Card
1278,2024-01-07,Lower Wear,Chino Pants,Beige,3,1999,5997,Bangalore,Credit Card
1279,2024-01-07,Upper Wear,Casual Shirt,Grey,3,1499,4497,Bangalore,UPI
1280,2024-01-07,Lower Wear,Chino Pants,Beige,1,1999,1999,Bangalore,Debit Card
1281,2024-01-07,Lower Wear,Chino Pants,Beige,2,1999,3998,Bangalore,UPI
1282,2024-01-07,Lower Wear,Chino Pants,Beige,1,1999,1999,Bangalore,Debit Card
1283,2024-01-07,Lower Wear,Slim Jeans,Dark Blue,3,2999,8997,Bangalore,UPI
1284,2024-01-07,Upper Wear,Slim Fit T-Shirt,Black,2,799,1598,Bangalore,Debit Card
1285,2024-01-07,Lower Wear,Slim Jeans,Light Blue,1,2999,2999,Bangalore,UPI
1286,2024-01-07,Upper Wear,Hooded Sweatshirt,Red,3,2499,7497,Bangalore,Credit Card
1287,2024-01-07,Lower Wear,Jogger Pants,Navy,1,1799,1799,Bangalore,Credit Card
1288,2024-01-07,Lower Wear,Cargo Shorts,Black,3,1299,3897,Mumbai,Debit Card
1289,2024-01-07,Lower Wear,Jogger Pants,Grey,2,1799,3598,Mumbai,Credit Card
1290,2024-01-07,Upper Wear,Slim Fit T-Shirt,Black,3,799,2397,Mumbai,UPI
1291,2024-01-07,Lower Wear,Jogger Pants,Navy,1,1799,1799,Mumbai,Debit Card
1292,2024-01-07,Upper Wear,Denim Jacket,Indigo,1,4999,4999,Mumbai,UPI
1293,2024-01-07,Upper Wear,Slim Fit T-Shirt,Black,3,799,2397,Mumbai,UPI
1294,2024-01-07,Lower Wear,Slim Jeans,Dark Blue,3,2999,8997,Mumbai,Debit Card
1295,2024-01-07,Lower Wear,Chino Pants,Beige,3,1999,5997,Mumbai,Credit Card
1296,2024-01-07,Lower Wear,Slim Jeans,Dark Blue,3,2999,8997,Mumbai,Credit Card
1297,2024-01-07,Upper Wear,Hooded Sweatshirt,Black,1,2499,2499,Mumbai,UPI
1298,2024-01-07,Lower Wear,Jogger Pants,Grey,1,1799,1799,Mumbai,Credit Card
1299,2024-01-07,Upper Wear,Casual Shirt,Grey,1,1499,1499,Mumbai,UPI
1300,2024-01-07,Upper Wear,Hooded Sweatshirt,Red,1,2499,2499,Mumbai,UPI
1301,2024-01-07,Lower Wear,Jogger Pants,Grey,1,1799,1799,Delhi,UPI
1302,2024-01-07,Lower Wear,Jogger Pants,Grey,2,1799,3598,Delhi,Credit Card
1303,2024-01-07,Lower Wear,Cargo Shorts,Khaki,3,1299,3897,Delhi,Debit Card
1304,2024-01-07,Lower Wear,Chino Pants,Beige,3,1999,5997,Delhi,Debit Card
1305,2024-01-07,Upper Wear,Hooded Sweatshirt,Black,2,2499,4998,Delhi,UPI
1306,2024-01-07,Lower Wear,Slim Jeans,Dark Blue,1,2999,2999,Delhi,Debit Card
1307,2024-01-07,Upper Wear,Slim Fit T-Shirt,White,3,799,2397,Delhi,Debit Card
1308,2024-01-07,Lower Wear,Slim Jeans,Dark Blue,2,2999,5998,Delhi,Debit Card
1309,2024-01-07,Lower Wear,Jogger Pants,Navy,3,1799,5397,Delhi,Credit Card
1310,2024-01-07,Lower Wear,Chino Pants,Beige,1,1999,1999,Delhi,Debit Card
1311,2024-01-07,Lower Wear,Cargo Shorts,Khaki,3,1299,3897,Delhi,UPI
1312,2024-01-07,Upper Wear,Hooded Sweatshirt,Red,1,2499,2499,Delhi,UPI
1313,2024-01-07,Lower Wear,Chino Pants,Beige,1,1999,1999,Delhi,Credit Card
1314,2024-01-07,Upper Wear,Hooded Sweatshirt,Black,3,2499,7497,Hyderabad,UPI
1315,2024-01-07,Lower Wear,Slim Jeans,Dark Blue,2,2999,5998,Hyderabad,UPI
1316,2024-01-07,Upper Wear,Slim Fit T-Shirt,Black,1,799,799,Hyderabad,Credit Card
1317,2024-01-07,Lower Wear,Chino Pants,Beige,3,1999,5997,Hyderabad,Credit Card
1318,2024-01-07,Upper Wear,Denim Jacket,Indigo,2,4999,9998,Hyderabad,UPI
1319,2024-01-07,Lower Wear,Cargo Shorts,Khaki,1,1299,1299,Hyderabad,Debit Card
1320,2024-01-07,Upper Wear,Denim Jacket,Indigo,1,4999,4999,Hyderabad,UPI
1321,2024-01-07,Upper Wear,Hooded Sweatshirt,Black,3,2499,7497,Hyderabad,UPI
1322,2024-01-07,Lower Wear,Jogger Pants,Navy,1,1799,1799,Hyderabad,Debit Card
1323,2024-01-07,Lower Wear,Jogger Pants,Grey,2,1799,3598,Hyderabad,Debit Card
1324,2024-01-08,Upper Wear,Slim Fit T-Shirt,Black,1,799,799,Bangalore,UPI
1325,2024-01-08,Lower Wear,Chino Pants,Beige,1,1999,1999,Bangalore,Credit Card
1326,2024-01-08,Lower Wear,Chino Pants,Beige,2,1999,3998,Bangalore,UPI
1327,2024-01-08,Lower Wear,Chino Pants,Beige,2,1999,3998,Bangalore,Credit Card
1328,2024-01-08,Upper Wear,Casual Shirt,Blue,2,1499,2998,Bangalore,UPI
1329,2024-01-08,Lower Wear,Cargo Shorts,Black,2,1299,2598,Bangalore,Debit Card
1330,2024-01-08,Upper Wear,Slim Fit T-Shirt,Black,1,799,799,Bangalore,Credit Card
1331,2024-01-08,Lower Wear,Jogger Pants,Grey,3,1799,5397,Bangalore,Credit Card
1332,2024-01-08,Lower Wear,Jogger Pants,Grey,3,1799,5397,Bangalore,Credit Card
1333,2024-01-08,Upper Wear,Denim Jacket,Indigo,1,4999,4999,Bangalore,Credit Card
1334,2024-01-08,Lower Wear,Chino Pants,Beige,2,1999,3998,Bangalore,Credit Card
1335,2024-01-08,Upper Wear,Hooded Sweatshirt,Black,3,2499,7497,Bangalore,UPI
1336,2024-01-08,Upper Wear,Denim Jacket,Black,2,4999,9998,Mumbai,Credit Card
1337,2024-01-08,Upper Wear,Denim Jacket,Black,1,4999,4999,Mumbai,Credit Card
1338,2024-01-08,Lower Wear,Chino Pants,Beige,1,1999,1999,Mumbai,Debit Card
1339,2024-01-08,Upper Wear,Denim Jacket,Indigo,1,4999,4999,Mumbai,UPI
1340,2024-01-08,Lower Wear,Jogger Pants,Navy,2,1799,3598,Mumbai,UPI
1341,2024-01-08,Lower Wear,Jogger Pants,Navy,3,1799,5397,Mumbai,UPI
1342,2024-01-08,Lower Wear,Chino Pants,Beige,1,1999,1999,Mumbai,Debit Card
1343,2024-01-08,Lower Wear,Jogger Pants,Grey,3,1799,5397,Mumbai,UPI
1344,2024-01-08,Lower Wear,Cargo Shorts,Khaki,2,1299,2598,Mumbai,UPI
1345,2024-01-08,Upper Wear,Slim Fit T-Shirt,White,2,799,1598,Mumbai,Debit Card
1346,2024-01-08,Upper Wear,Slim Fit T-Shirt,White,3,799,2397,Mumbai,Credit Card
1347,2024-01-08,Lower Wear,Slim Jeans,Dark Blue,2,2999,5998,Mumbai,UPI
1348,2024-01-08,Upper Wear,Casual Shirt,Grey,2,1499,2998,Delhi,Credit Card
1349,2024-01-08,Upper Wear,Denim Jacket,Indigo,3,4999,14997,Delhi,UPI
1350,2024-01-08,Upper Wear,Casual Shirt,Blue,2,1499,2998,Delhi,Credit Card
1351,2024-01-08,Lower Wear,Chino Pants,Beige,3,1999,5997,Delhi,Debit Card
1352,2024-01-08,Upper Wear,Slim Fit T-Shirt,Black,3,799,2397,Delhi,Debit Card
1353,2024-01-08,Lower Wear,Jogger Pants,Navy,3,1799,5397,Delhi,UPI
1354,2024-01-08,Lower Wear,Slim Jeans,Dark Blue,1,2999,2999,Delhi,Credit Card
1355,2024-01-08,Upper Wear,Denim Jacket,Indigo,1,4999,4999,Delhi,Credit Card
1356,2024-01-08,Upper Wear,Casual Shirt,Grey,3,1499,4497,Delhi,Debit Card
1357,2024-01-08,Lower Wear,Jogger Pants,Grey,2,1799,3598,Delhi,Credit Card
1358,2024-01-08,Lower Wear,Cargo Shorts,Black,1,1299,1299,Delhi,Credit Card
1359,2024-01-08,Upper Wear,Hooded Sweatshirt,Red,2,2499,4998,Delhi,Credit Card
1360,2024-01-08,Lower Wear,Jogger Pants,Navy,3,1799,5397,Hyderabad,Debit Card
1361,2024-01-08,Lower Wear,Cargo Shorts,Black,3,1299,3897,Hyderabad,UPI
1362,2024-01-08,Lower Wear,Chino Pants,Beige,3,1999,5997,Hyderabad,Debit Card
1363,2024-01-08,Lower Wear,Chino Pants,Beige,1,1999,1999,Hyderabad,Credit Card
1364,2024-01-08,Lower Wear,Jogger Pants,Grey,3,1799,5397,Hyderabad,Debit Card
1365,2024-01-08,Lower Wear,Cargo Shorts,Black,1,1299,1299,Hyderabad,Credit Card
1366,2024-01-08,Upper Wear,Slim Fit T-Shirt,Black,1,799,799,Hyderabad,Credit Card
1367,2024-01-08,Lower Wear,Jogger Pants,Grey,2,1799,3598,Hyderabad,Credit Card
1368,2024-01-08,Upper Wear,Hooded Sweatshirt,Black,1,2499,2499,Hyderabad,Debit Card
1369,2024-01-09,Upper Wear,Casual Shirt,Grey,1,1499,1499,Bangalore,Credit Card
1370,2024-01-09,Lower Wear,Slim Jeans,Dark Blue,1,2999,2999,Bangalore,UPI
1371,2024-01-09,Upper Wear,Hooded Sweatshirt,Black,2,2499,4998,Bangalore,Debit Card
1372,2024-01-09,Lower Wear,Slim Jeans,Light Blue,3,2999,8997,Bangalore,Debit Card
1373,2024-01-09,Upper Wear,Slim Fit T-Shirt,Black,1,799,799,Bangalore,UPI
1374,2024-01-09,Upper Wear,Hooded Sweatshirt,Red,2,2499,4998,Bangalore,Credit Card
1375,2024-01-09,Lower Wear,Cargo Shorts,Black,3,1299,3897,Bangalore,Debit Card
1376,2024-01-09,Lower Wear,Slim Jeans,Light Blue,2,2999,5998,Bangalore,Debit Card
1377,2024-01-09,Upper Wear,Hooded Sweatshirt,Red,1,2499,2499,Bangalore,UPI
1378,2024-01-09,Upper Wear,Slim Fit T-Shirt,Black,2,799,1598,Bangalore,Credit Card
1379,2024-01-09,Lower Wear,Jogger Pants,Grey,1,1799,1799,Bangalore,UPI
1380,2024-01-09,Upper Wear,Slim Fit T-Shirt,White,3,799,2397,Bangalore,Credit Card
1381,2024-01-09,Upper Wear,Hooded Sweatshirt,Black,2,2499,4998,Mumbai,UPI
1382,2024-01-09,Upper Wear,Casual Shirt,Grey,1,1499,1499,Mumbai,UPI
1383,2024-01-09,Lower Wear,Chino Pants,Beige,2,1999,3998,Mumbai,Debit Card
1384,2024-01-09,Upper Wear,Casual Shirt,Blue,1,1499,1499,Mumbai,UPI
1385,2024-01-09,Upper Wear,Slim Fit T-Shirt,White,2,799,1598,Mumbai,UPI
1386,2024-01-09,Upper Wear,Slim Fit T-Shirt,Black,3,799,2397,Mumbai,Debit Card
1387,2024-01-09,Upper Wear,Slim Fit T-Shirt,White,3,799,2397,Mumbai,Debit Card
1388,2024-01-09,Lower Wear,Cargo Shorts,Black,3,1299,3897,Mumbai,UPI
1389,2024-01-09,Upper Wear,Hooded Sweatshirt,Black,2,2499,4998,Mumbai,Credit Card
1390,2024-01-09,Lower Wear,Chino Pants,Beige,3,1999,5997,Mumbai,Debit Card
1391,2024-01-09,Lower Wear,Jogger Pants,Grey,2,1799,3598,Mumbai,UPI
1392,2024-01-09,Upper Wear,Slim Fit T-Shirt,White,2,799,1598,Mumbai,UPI
1393,2024-01-09,Upper Wear,Slim Fit T-Shirt,White,3,799,2397,Delhi,Debit Card
1394,2024-01-09,Upper Wear,Hooded Sweatshirt,Red,3,2499,7497,Delhi,Credit Card
1395,2024-01-09,Upper Wear,Denim Jacket,Black,3,4999,14997,Delhi,Credit Card
1396,2024-01-09,Lower Wear,Slim Jeans,Dark Blue,3,2999,8997,Delhi,UPI
1397,2024-01-09,Lower Wear,Chino Pants,Beige,2,1999,3998,Delhi,UPI
1398,2024-01-09,Lower Wear,Chino Pants,Beige,3,1999,5997,Delhi,Debit Card
1399,2024-01-09,Lower Wear,Cargo Shorts,Black,1,1299,1299,Delhi,Credit Card
1400,2024-01-09,Upper Wear,Denim Jacket,Indigo,3,4999,14997,Delhi,Credit Card
1401,2024-01-09,Upper Wear,Denim Jacket,Black,3,4999,14997,Delhi,Debit Card
1402,2024-01-09,Lower Wear,Jogger Pants,Grey,1,1799,1799,Delhi,Credit Card
1403,2024-01-09,Lower Wear,Jogger Pants,Navy,2,1799,3598,Delhi,UPI
1404,2024-01-09,Lower Wear,Chino Pants,Beige,2,1999,3998,Delhi,Debit Card
1405,2024-01-09,Lower Wear,Cargo Shorts,Black,1,1299,1299,Hyderabad,UPI
1406,2024-01-09,Upper Wear,Casual Shirt,Grey,3,1499,4497,Hyderabad,UPI
1407,2024-01-09,Lower Wear,Cargo Shorts,Khaki,1,1299,1299,Hyderabad,UPI
1408,2024-01-09,Upper Wear,Casual Shirt,Grey,1,1499,1499,Hyderabad,Debit Card
1409,2024-01-09,Lower Wear,Cargo Shorts,Khaki,2,1299,2598,Hyderabad,Debit Card
1410,2024-01-09,Upper Wear,Denim Jacket,Indigo,2,4999,9998,Hyderabad,UPI
1411,2024-01-09,Lower Wear,Slim Jeans,Dark Blue,2,2999,5998,Hyderabad,Credit Card
1412,2024-01-09,Upper Wear,Slim Fit T-Shirt,Black,1,799,799,Hyderabad,UPI
1413,2024-01-09,Lower Wear,Cargo Shorts,Khaki,1,1299,1299,Hyderabad,Debit Card
1414,2024-01-10,Lower Wear,Cargo Shorts,Black,3,1299,3897,Bangalore,Credit Card
1415,2024-01-10,Lower Wear,Cargo Shorts,Black,2,1299,2598,Bangalore,UPI
1416,2024-01-10,Upper Wear,Casual Shirt,Grey,2,1499,2998,Bangalore,Credit Card
1417,2024-01-10,Upper Wear,Casual Shirt,Blue,1,1499,1499,Bangalore,UPI
1418,2024-01-10,Lower Wear,Slim Jeans,Dark Blue,3,2999,8997,Bangalore,Credit Card
1419,2024-01-10,Upper Wear,Denim Jacket,Indigo,2,4999,9998,Bangalore,Debit Card
1420,2024-01-10,Upper Wear,Casual Shirt,Grey,3,1499,4497,Bangalore,Debit Card
1421,2024-01-10,Lower Wear,Chino Pants,Beige,1,1999,1999,Bangalore,UPI
1422,2024-01-10,Lower Wear,Cargo Shorts,Black,3,1299,3897,Bangalore,Credit Card
1423,2024-01-10,Upper Wear,Slim Fit T-Shirt,Black,3,799,2397,Bangalore,UPI
1424,2024-01-10,Upper Wear,Casual Shirt,Blue,3,1499,4497,Bangalore,Credit Card
1425,2024-01-10,Lower Wear,Chino Pants,Beige,1,1999,1999,Bangalore,Credit Card
1426,2024-01-10,Lower Wear,Chino Pants,Beige,2,1999,3998,Mumbai,UPI
1427,2024-01-10,Upper Wear,Slim Fit T-Shirt,White,1,799,799,Mumbai,UPI
1428,2024-01-10,Upper Wear,Casual Shirt,Grey,3,1499,4497,Mumbai,Debit Card
1429,2024-01-10,Lower Wear,Jogger Pants,Grey,3,1799,5397,Mumbai,Debit Card
1430,2024-01-10,Lower Wear,Cargo Shorts,Black,2,1299,2598,Mumbai,Debit Card
1431,2024-01-10,Upper Wear,Casual Shirt,Grey,1,1499,1499,Mumbai,Credit Card
1432,2024-01-10,Upper Wear,Slim Fit T-Shirt,White,1,799,799,Mumbai,UPI
1433,2024-01-10,Lower Wear,Cargo Shorts,Khaki,1,1299,1299,Mumbai,Debit Card
1434,2024-01-10,Upper Wear,Slim Fit T-Shirt,White,2,799,1598,Mumbai,Credit Card
1435,2024-01-10,Lower Wear,Jogger Pants,Navy,3,1799,5397,Mumbai,UPI
1436,2024-01-10,Upper Wear,Denim Jacket,Black,1,4999,4999,Mumbai,Credit Card
1437,2024-01-10,Lower Wear,Chino Pants,Beige,1,1999,1999,Mumbai,Debit Card
1438,2024-01-10,Upper Wear,Denim Jacket,Black,2,4999,9998,Delhi,Credit Card
1439,2024-01-10,Lower Wear,Cargo Shorts,Khaki,3,1299,3897,Delhi,Debit Card
1440,2024-01-10,Lower Wear,Chino Pants,Beige,3,1999,5997,Delhi,Debit Card
1441,2024-01-10,Upper Wear,Casual Shirt,Blue,3,1499,4497,Delhi,Credit Card
1442,2024-01-10,Lower Wear,Jogger Pants,Navy,3,1799,5397,Delhi,Credit Card
1443,2024-01-10,Upper Wear,Denim Jacket,Indigo,1,4999,4999,Delhi,Debit Card
1444,2024-01-10,Upper Wear,Slim Fit T-Shirt,Black,1,799,799,Delhi,UPI
1445,2024-01-10,Upper Wear,Casual Shirt,Grey,2,1499,2998,Delhi,Credit Card
1446,2024-01-10,Lower Wear,Slim Jeans,Dark Blue,3,2999,8997,Delhi,Credit Card
1447,2024-01-10,Lower Wear,Chino Pants,Beige,1,1999,1999,Delhi,UPI
1448,2024-01-10,Upper Wear,Slim Fit T-Shirt,Black,2,799,1598,Delhi,UPI
1449,2024-01-10,Lower Wear,Chino Pants,Beige,3,1999,5997,Delhi,Credit Card
1450,2024-01-10,Upper Wear,Slim Fit T-Shirt,White,3,799,2397,Hyderabad,UPI
1451,2024-01-10,Upper Wear,Slim Fit T-Shirt,White,2,799,1598,Hyderabad,Credit Card
1452,2024-01-10,Lower Wear,Chino Pants,Beige,3,1999,5997,Hyderabad,UPI
1453,2024-01-10,Lower Wear,Slim Jeans,Dark Blue,2,2999,5998,Hyderabad,Credit Card
1454,2024-01-10,Upper Wear,Slim Fit T-Shirt,Black,2,799,1598,Hyderabad,Debit Card
1455,2024-01-10,Upper Wear,Denim Jacket,Indigo,3,4999,14997,Hyderabad,Debit Card
1456,2024-01-10,Lower Wear,Slim Jeans,Dark Blue,3,2999,8997,Hyderabad,Debit Card
1457,2024-01-10,Lower Wear,Jogger Pants,Grey,2,1799,3598,Hyderabad,Credit Card
1458,2024-01-10,Lower Wear,Slim Jeans,Dark Blue,2,2999,5998,Hyderabad,UPI
1459,2024-01-11,Upper Wear,Slim Fit T-Shirt,White,2,799,1598,Bangalore,UPI
1460,2024-01-11,Upper Wear,Hooded Sweatshirt,Black,1,2499,2499,Bangalore,Debit Card
1461,2024-01-11,Upper Wear,Slim Fit T-Shirt,Black,3,799,2397,Bangalore,UPI
1462,2024-01-11,Upper Wear,Hooded Sweatshirt,Black,1,2499,2499,Bangalore,Credit Card
1463,2024-01-11,Lower Wear,Slim Jeans,Light Blue,3,2999,8997,Bangalore,UPI
1464,2024-01-11,Upper Wear,Denim Jacket,Indigo,1,4999,4999,Bangalore,UPI
1465,2024-01-11,Upper Wear,Slim Fit T-Shirt,Black,1,799,799,Bangalore,Debit Card
1466,2024-01-11,Upper Wear,Slim Fit T-Shirt,Black,1,799,799,Bangalore,Debit Card
1467,2024-01-11,Lower Wear,Cargo Shorts,Black,2,1299,2598,Bangalore,Credit Card
1468,2024-01-11,Lower Wear,Slim Jeans,Light Blue,2,2999,5998,Bangalore,Credit Card
1469,2024-01-11,Upper Wear,Casual Shirt,Blue,3,1499,4497,Bangalore,UPI
1470,2024-01-11,Upper Wear,Denim Jacket,Indigo,3,4999,14997,Bangalore,Credit Card
1471,2024-01-11,Lower Wear,Chino Pants,Beige,3,1999,5997,Mumbai,UPI
1472,2024-01-11,Lower Wear,Slim Jeans,Dark Blue,1,2999,2999,Mumbai,Credit Card
1473,2024-01-11,Upper Wear,Casual Shirt,Blue,3,1499,4497,Mumbai,Credit Card
1474,2024-01-11,Upper Wear,Casual Shirt,Grey,1,1499,1499,Mumbai,Credit Card
1475,2024-01-11,Upper Wear,Slim Fit T-Shirt,White,1,799,799,Mumbai,Credit Card
1476,2024-01-11,Upper Wear,Hooded Sweatshirt,Red,3,2499,7497,Mumbai,UPI
1477,2024-01-11,Lower Wear,Chino Pants,Beige,1,1999,1999,Mumbai,Debit Card
1478,2024-01-11,Lower Wear,Slim Jeans,Dark Blue,1,2999,2999,Mumbai,Debit Card
1479,2024-01-11,Upper Wear,Denim Jacket,Indigo,3,4999,14997,Mumbai,Debit Card
1480,2024-01-11,Lower Wear,Cargo Shorts,Black,2,1299,2598,Mumbai,Debit Card
1481,2024-01-11,Upper Wear,Denim Jacket,Indigo,3,4999,14997,Mumbai,Debit Card
1482,2024-01-11,Lower Wear,Jogger Pants,Navy,3,1799,5397,Mumbai,Debit Card
1483,2024-01-11,Lower Wear,Slim Jeans,Dark Blue,3,2999,8997,Delhi,Credit Card
1484,2024-01-11,Upper Wear,Hooded Sweatshirt,Black,3,2499,7497,Delhi,Credit Card
1485,2024-01-11,Upper Wear,Slim Fit T-Shirt,Black,2,799,1598,Delhi,UPI
1486,2024-01-11,Lower Wear,Jogger Pants,Grey,1,1799,1799,Delhi,Credit Card
1487,2024-01-11,Upper Wear,Slim Fit T-Shirt,White,2,799,1598,Delhi,Credit Card
1488,2024-01-11,Lower Wear,Jogger Pants,Navy,2,1799,3598,Delhi,Debit Card
1489,2024-01-11,Upper Wear,Slim Fit T-Shirt,Black,2,799,1598,Delhi,UPI
1490,2024-01-11,Lower Wear,Cargo Shorts,Khaki,3,1299,3897,Delhi,Debit Card
1491,2024-01-11,Lower Wear,Cargo Shorts,Black,2,1299,2598,Delhi,UPI
1492,2024-01-11,Upper Wear,Slim Fit T-Shirt,Black,1,799,799,Delhi,Debit Card
1493,2024-01-11,Upper Wear,Hooded Sweatshirt,Black,3,2499,7497,Delhi,Credit Card
1494,2024-01-11,Upper Wear,Hooded Sweatshirt,Red,3,2499,7497,Delhi,Credit Card
1495,2024-01-11,Lower Wear,Jogger Pants,Grey,2,1799,3598,Hyderabad,Debit Card
1496,2024-01-11,Upper Wear,Hooded Sweatshirt,Black,2,2499,4998,Hyderabad,Credit Card
1497,2024-01-11,Lower Wear,Chino Pants,Beige,2,1999,3998,Hyderabad,Credit Card
1498,2024-01-11,Upper Wear,Slim Fit T-Shirt,Black,2,799,1598,Hyderabad,Credit Card
1499,2024-01-11,Upper Wear,Hooded Sweatshirt,Black,2,2499,4998,Hyderabad,Credit Card
1500,2024-01-11,Upper Wear,Casual Shirt,Grey,2,1499,2998,Hyderabad,UPI
1501,2024-01-11,Upper Wear,Denim Jacket,Black,2,4999,9998,Hyderabad,Debit Card
1502,2024-01-11,Upper Wear,Hooded Sweatshirt,Black,1,2499,2499,Hyderabad,UPI
1503,2024-01-11,Lower Wear,Cargo Shorts,Black,3,1299,3897,Hyderabad,Credit Card
1504,2024-01-12,Upper Wear,Hooded Sweatshirt,Black,2,2499,4998,Bangalore,UPI
1505,2024-01-12,Lower Wear,Cargo Shorts,Black,3,1299,3897,Bangalore,Credit Card
1506,2024-01-12,Upper Wear,Casual Shirt,Grey,1,1499,1499,Bangalore,Credit Card
1507,2024-01-12,Upper Wear,Hooded Sweatshirt,Red,1,2499,2499,Bangalore,UPI
1508,2024-01-12,Lower Wear,Slim Jeans,Dark Blue,3,2999,8997,Bangalore,Debit Card
1509,2024-01-12,Lower Wear,Cargo Shorts,Khaki,2,1299,2598,Bangalore,UPI
1510,2024-01-12,Lower Wear,Slim Jeans,Light Blue,1,2999,2999,Bangalore,Debit Card
1511,2024-01-12,Lower Wear,Cargo Shorts,Black,1,1299,1299,Bangalore,Debit Card
1512,2024-01-12,Lower Wear,Chino Pants,Beige,3,1999,5997,Bangalore,Debit Card
1513,2024-01-12,Lower Wear,Chino Pants,Beige,3,1999,5997,Bangalore,Credit Card
1514,2024-01-12,Upper Wear,Slim Fit T-Shirt,Black,3,799,2397,Bangalore,UPI
1515,2024-01-12,Upper Wear,Slim Fit T-Shirt,Black,1,799,799,Bangalore,Credit Card
1516,2024-01-12,Lower Wear,Jogger Pants,Navy,1,1799,1799,Mumbai,Debit Card
1517,2024-01-12,Lower Wear,Chino Pants,Beige,3,1999,5997,Mumbai,Credit Card
1518,2024-01-12,Lower Wear,Cargo Shorts,Black,1,1299,1299,Mumbai,Debit Card
1519,2024-01-12,Upper Wear,Casual Shirt,Blue,3,1499,4497,Mumbai,Credit Card
1520,2024-01-12,Lower Wear,Chino Pants,Beige,2,1999,3998,Mumbai,UPI
1521,2024-01-12,Lower Wear,Chino Pants,Beige,1,1999,1999,Mumbai,Credit Card
1522,2024-01-12,Lower Wear,Jogger Pants,Grey,1,1799,1799,Mumbai,Debit Card
1523,2024-01-12,Upper Wear,Denim Jacket,Indigo,2,4999,9998,Mumbai,Debit Card
1524,2024-01-12,Lower Wear,Cargo Shorts,Black,3,1299,3897,Mumbai,Credit Card
1525,2024-01-12,Upper Wear,Slim Fit T-Shirt,White,3,799,2397,Mumbai,UPI
1526,2024-01-12,Upper Wear,Casual Shirt,Blue,2,1499,2998,Mumbai,Debit Card
1527,2024-01-12,Lower Wear,Chino Pants,Beige,1,1999,1999,Mumbai,UPI
1528,2024-01-12,Upper Wear,Hooded Sweatshirt,Black,3,2499,7497,Delhi,Credit Card
1529,2024-01-12,Upper Wear,Hooded Sweatshirt,Red,2,2499,4998,Delhi,UPI
1530,2024-01-12,Upper Wear,Casual Shirt,Blue,1,1499,1499,Delhi,Credit Card
1531,2024-01-12,Lower Wear,Cargo Shorts,Black,2,1299,2598,Delhi,UPI
1532,2024-01-12,Lower Wear,Slim Jeans,Dark Blue,2,2999,5998,Delhi,UPI
1533,2024-01-12,Upper Wear,Hooded Sweatshirt,Black,3,2499,7497,Delhi,Credit Card
1534,2024-01-12,Upper Wear,Casual Shirt,Grey,3,1499,4497,Delhi,UPI
1535,2024-01-12,Upper Wear,Slim Fit T-Shirt,White,2,799,1598,Delhi,UPI
1536,2024-01-12,Upper Wear,Slim Fit T-Shirt,White,1,799,799,Delhi,Debit Card
1537,2024-01-12,Upper Wear,Hooded Sweatshirt,Black,2,2499,4998,Delhi,Debit Card
1538,2024-01-12,Upper Wear,Denim Jacket,Black,3,4999,14997,Delhi,Debit Card
1539,2024-01-12,Upper Wear,Slim Fit T-Shirt,White,2,799,1598,Delhi,Debit Card
1540,2024-01-12,Lower Wear,Chino Pants,Beige,1,1999,1999,Hyderabad,UPI
1541,2024-01-12,Lower Wear,Chino Pants,Beige,1,1999,1999,Hyderabad,Debit Card
1542,2024-01-12,Upper Wear,Casual Shirt,Blue,1,1499,1499,Hyderabad,UPI
1543,2024-01-12,Upper Wear,Hooded Sweatshirt,Black,1,2499,2499,Hyderabad,UPI
1544,2024-01-12,Lower Wear,Jogger Pants,Navy,1,1799,1799,Hyderabad,UPI
1545,2024-01-12,Upper Wear,Casual Shirt,Blue,3,1499,4497,Hyderabad,Debit Card
1546,2024-01-12,Lower Wear,Cargo Shorts,Black,1,1299,1299,Hyderabad,UPI
1547,2024-01-12,Upper Wear,Denim Jacket,Indigo,3,4999,14997,Hyderabad,UPI
1548,2024-01-12,Upper Wear,Hooded Sweatshirt,Black,1,2499,2499,Hyderabad,Credit Card
1549,2024-01-13,Lower Wear,Chino Pants,Beige,3,1999,5997,Bangalore,UPI
1550,2024-01-13,Lower Wear,Slim Jeans,Light Blue,2,2999,5998,Bangalore,Debit Card
1551,2024-01-13,Upper Wear,Casual Shirt,Blue,3,1499,4497,Bangalore,Credit Card
1552,2024-01-13,Upper Wear,Hooded Sweatshirt,Black,2,2499,4998,Bangalore,UPI
1553,2024-01-13,Lower Wear,Jogger Pants,Navy,2,1799,3598,Bangalore,Debit Card
1554,2024-01-13,Upper Wear,Denim Jacket,Black,1,4999,4999,Bangalore,Credit Card
1555,2024-01-13,Upper Wear,Hooded Sweatshirt,Black,1,2499,2499,Bangalore,Debit Card
1556,2024-01-13,Upper Wear,Slim Fit T-Shirt,White,2,799,1598,Bangalore,UPI
1557,2024-01-13,Upper Wear,Hooded Sweatshirt,Black,1,2499,2499,Bangalore,Debit Card
1558,2024-01-13,Upper Wear,Slim Fit T-Shirt,White,2,799,1598,Bangalore,Debit Card
1559,2024-01-13,Upper Wear,Slim Fit T-Shirt,Black,3,799,2397,Bangalore,UPI
1560,2024-01-13,Upper Wear,Denim Jacket,Black,2,4999,9998,Bangalore,Credit Card
1561,2024-01-13,Lower Wear,Jogger Pants,Navy,1,1799,1799,Bangalore,Credit Card
1562,2024-01-13,Upper Wear,Hooded Sweatshirt,Red,3,2499,7497,Mumbai,Debit Card
1563,2024-01-13,Lower Wear,Slim Jeans,Dark Blue,2,2999,5998,Mumbai,Credit Card
1564,2024-01-13,Upper Wear,Hooded Sweatshirt,Red,3,2499,7497,Mumbai,Debit Card
1565,2024-01-13,Upper Wear,Slim Fit T-Shirt,White,2,799,1598,Mumbai,Debit Card
1566,2024-01-13,Lower Wear,Cargo Shorts,Khaki,3,1299,3897,Mumbai,Debit Card
1567,2024-01-13,Lower Wear,Cargo Shorts,Khaki,1,1299,1299,Mumbai,Debit Card
1568,2024-01-13,Upper Wear,Casual Shirt,Blue,1,1499,1499,Mumbai,Credit Card
1569,2024-01-13,Lower Wear,Jogger Pants,Navy,1,1799,1799,Mumbai,Credit Card
1570,2024-01-13,Upper Wear,Casual Shirt,Blue,1,1499,1499,Mumbai,UPI
1571,2024-01-13,Lower Wear,Slim Jeans,Dark Blue,2,2999,5998,Mumbai,Debit Card
1572,2024-01-13,Lower Wear,Chino Pants,Beige,1,1999,1999,Mumbai,Credit Card
1573,2024-01-13,Upper Wear,Denim Jacket,Black,1,4999,4999,Mumbai,Credit Card
1574,2024-01-13,Lower Wear,Chino Pants,Beige,1,1999,1999,Mumbai,Debit Card
1575,2024-01-13,Upper Wear,Denim Jacket,Black,2,4999,9998,Delhi,UPI
1576,2024-01-13,Upper Wear,Slim Fit T-Shirt,Black,3,799,2397,Delhi,Credit Card
1577,2024-01-13,Lower Wear,Slim Jeans,Dark Blue,3,2999,8997,Delhi,Credit Card
1578,2024-01-13,Upper Wear,Hooded Sweatshirt,Red,1,2499,2499,Delhi,UPI
1579,2024-01-13,Lower Wear,Chino Pants,Beige,3,1999,5997,Delhi,Credit Card
1580,2024-01-13,Lower Wear,Cargo Shorts,Black,1,1299,1299,Delhi,Credit Card
1581,2024-01-13,Lower Wear,Cargo Shorts,Black,1,1299,1299,Delhi,UPI
1582,2024-01-13,Upper Wear,Casual Shirt,Grey,2,1499,2998,Delhi,Debit Card
1583,2024-01-13,Lower Wear,Jogger Pants,Grey,2,1799,3598,Delhi,UPI
1584,2024-01-13,Lower Wear,Chino Pants,Beige,1,1999,1999,Delhi,Debit Card
1585,2024-01-13,Lower Wear,Cargo Shorts,Khaki,2,1299,2598,Delhi,UPI
1586,2024-01-13,Upper Wear,Hooded Sweatshirt,Black,1,2499,2499,Delhi,Credit Card
1587,2024-01-13,Upper Wear,Denim Jacket,Black,3,4999,14997,Delhi,Credit Card
1588,2024-01-13,Upper Wear,Slim Fit T-Shirt,Black,2,799,1598,Hyderabad,Credit Card
1589,2024-01-13,Lower Wear,Cargo Shorts,Khaki,2,1299,2598,Hyderabad,Credit Card
1590,2024-01-13,Lower Wear,Cargo Shorts,Black,2,1299,2598,Hyderabad,UPI
1591,2024-01-13,Upper Wear,Casual Shirt,Grey,3,1499,4497,Hyderabad,Credit Card
1592,2024-01-13,Lower Wear,Cargo Shorts,Black,2,1299,2598,Hyderabad,UPI
1593,2024-01-13,Lower Wear,Jogger Pants,Grey,2,1799,3598,Hyderabad,Credit Card
1594,2024-01-13,Upper Wear,Slim Fit T-Shirt,White,2,799,1598,Hyderabad,Debit Card
1595,2024-01-13,Lower Wear,Cargo Shorts,Khaki,2,1299,2598,Hyderabad,Credit Card
1596,2024-01-13,Lower Wear,Jogger Pants,Navy,2,1799,3598,Hyderabad,Credit Card
1597,2024-01-13,Upper Wear,Hooded Sweatshirt,Black,2,2499,4998,Hyderabad,UPI
1598,2024-01-14,Upper Wear,Casual Shirt,Blue,1,1499,1499,Bangalore,UPI
1599,2024-01-14,Upper Wear,Hooded Sweatshirt,Black,2,2499,4998,Bangalore,Credit Card
1600,2024-01-14,Upper Wear,Casual Shirt,Grey,3,1499,4497,Bangalore,UPI
1601,2024-01-14,Lower Wear,Jogger Pants,Grey,3,1799,5397,Bangalore,UPI
1602,2024-01-14,Upper Wear,Hooded Sweatshirt,Black,2,2499,4998,Bangalore,UPI
1603,2024-01-14,Upper Wear,Casual Shirt,Blue,1,1499,1499,Bangalore,Debit Card
1604,2024-01-14,Upper Wear,Hooded Sweatshirt,Red,2,2499,4998,Bangalore,Debit Card
1605,2024-01-14,Upper Wear,Hooded Sweatshirt,Red,1,2499,2499,Bangalore,Debit Card
1606,2024-01-14,Lower Wear,Jogger Pants,Grey,3,1799,5397,Bangalore,UPI
1607,2024-01-14,Lower Wear,Jogger Pants,Grey,3,1799,5397,Bangalore,Debit Card
1608,2024-01-14,Lower Wear,Cargo Shorts,Black,1,1299,1299,Bangalore,Debit Card
1609,2024-01-14,Lower Wear,Jogger Pants,Navy,1,1799,1799,Bangalore,UPI
1610,2024-01-14,Upper Wear,Hooded Sweatshirt,Red,2,2499,4998,Bangalore,Debit Card
1611,2024-01-14,Upper Wear,Denim Jacket,Black,3,4999,14997,Mumbai,Credit Card
1612,2024-01-14,Upper Wear,Casual Shirt,Blue,2,1499,2998,Mumbai,UPI
1613,2024-01-14,Upper Wear,Denim Jacket,Indigo,1,4999,4999,Mumbai,Debit Card
1614,2024-01-14,Upper Wear,Casual Shirt,Blue,2,1499,2998,Mumbai,Credit Card
1615,2024-01-14,Lower Wear,Chino Pants,Beige,1,1999,1999,Mumbai,Credit Card
1616,2024-01-14,Upper Wear,Casual Shirt,Blue,3,1499,4497,Mumbai,Debit Card
1617,2024-01-14,Lower Wear,Jogger Pants,Grey,1,1799,1799,Mumbai,Debit Card
1618,2024-01-14,Upper Wear,Slim Fit T-Shirt,Black,1,799,799,Mumbai,UPI
1619,2024-01-14,Upper Wear,Denim Jacket,Black,2,4999,9998,Mumbai,Debit Card
1620,2024-01-14,Lower Wear,Slim Jeans,Dark Blue,2,2999,5998,Mumbai,Debit Card
1621,2024-01-14,Lower Wear,Cargo Shorts,Black,1,1299,1299,Mumbai,Credit Card
1622,2024-01-14,Upper Wear,Denim Jacket,Black,2,4999,9998,Mumbai,Credit Card
1623,2024-01-14,Lower Wear,Jogger Pants,Grey,1,1799,1799,Mumbai,Debit Card
1624,2024-01-14,Upper Wear,Denim Jacket,Black,1,4999,4999,Delhi,Debit Card
1625,2024-01-14,Upper Wear,Hooded Sweatshirt,Red,3,2499,7497,Delhi,Credit Card
1626,2024-01-14,Upper Wear,Denim Jacket,Black,1,4999,4999,Delhi,Debit Card
1627,2024-01-14,Lower Wear,Jogger Pants,Navy,2,1799,3598,Delhi,Debit Card
1628,2024-01-14,Lower Wear,Chino Pants,Beige,3,1999,5997,Delhi,Debit Card
1629,2024-01-14,Lower Wear,Jogger Pants,Grey,1,1799,1799,Delhi,Debit Card
1630,2024-01-14,Lower Wear,Jogger Pants,Navy,1,1799,1799,Delhi,Credit Card
1631,2024-01-14,Lower Wear,Cargo Shorts,Khaki,3,1299,3897,Delhi,UPI
1632,2024-01-14,Upper Wear,Hooded Sweatshirt,Black,3,2499,7497,Delhi,Debit Card
1633,2024-01-14,Lower Wear,Jogger Pants,Grey,2,1799,3598,Delhi,Debit Card
1634,2024-01-14,Lower Wear,Jogger Pants,Grey,1,1799,1799,Delhi,UPI
1635,2024-01-14,Lower Wear,Cargo Shorts,Black,2,1299,2598,Delhi,Credit Card
1636,2024-01-14,Upper Wear,Hooded Sweatshirt,Black,2,2499,4998,Delhi,Debit Card
1637,2024-01-14,Upper Wear,Denim Jacket,Black,2,4999,9998,Hyderabad,Credit Card
1638,2024-01-14,Upper Wear,Casual Shirt,Blue,3,1499,4497,Hyderabad,Credit Card
1639,2024-01-14,Lower Wear,Slim Jeans,Dark Blue,1,2999,2999,Hyderabad,Debit Card
1640,2024-01-14,Upper Wear,Hooded Sweatshirt,Black,3,2499,7497,Hyderabad,Debit Card
1641,2024-01-14,Lower Wear,Cargo Shorts,Khaki,2,1299,2598,Hyderabad,Credit Card
1642,2024-01-14,Lower Wear,Slim Jeans,Dark Blue,1,2999,2999,Hyderabad,UPI
1643,2024-01-14,Upper Wear,Hooded Sweatshirt,Black,3,2499,7497,Hyderabad,Debit Card
1644,2024-01-14,Upper Wear,Slim Fit T-Shirt,Black,2,799,1598,Hyderabad,Debit Card
1645,2024-01-14,Upper Wear,Slim Fit T-Shirt,Black,2,799,1598,Hyderabad,Debit Card
1646,2024-01-14,Lower Wear,Jogger Pants,Grey,1,1799,1799,Hyderabad,Debit Card
1647,2024-01-15,Lower Wear,Chino Pants,Beige,3,1999,5997,Bangalore,Debit Card
1648,2024-01-15,Lower Wear,Jogger Pants,Grey,1,1799,1799,Bangalore,Credit Card
1649,2024-01-15,Upper Wear,Slim Fit T-Shirt,Black,1,799,799,Bangalore,Debit Card
1650,2024-01-15,Upper Wear,Denim Jacket,Black,1,4999,4999,Bangalore,Debit Card
1651,2024-01-15,Upper Wear,Hooded Sweatshirt,Black,3,2499,7497,Bangalore,Credit Card
1652,2024-01-15,Upper Wear,Hooded Sweatshirt,Black,3,2499,7497,Bangalore,UPI
1653,2024-01-15,Lower Wear,Jogger Pants,Grey,2,1799,3598,Bangalore,UPI
1654,2024-01-15,Lower Wear,Jogger Pants,Navy,2,1799,3598,Bangalore,UPI
1655,2024-01-15,Upper Wear,Hooded Sweatshirt,Black,3,2499,7497,Bangalore,Credit Card
1656,2024-01-15,Lower Wear,Jogger Pants,Grey,1,1799,1799,Bangalore,Debit Card
1657,2024-01-15,Upper Wear,Slim Fit T-Shirt,Black,2,799,1598,Bangalore,Debit Card
1658,2024-01-15,Upper Wear,Denim Jacket,Indigo,2,4999,9998,Bangalore,UPI
1659,2024-01-15,Upper Wear,Slim Fit T-Shirt,White,1,799,799,Mumbai,Credit Card
1660,2024-01-15,Lower Wear,Jogger Pants,Navy,2,1799,3598,Mumbai,Debit Card
1661,2024-01-15,Lower Wear,Cargo Shorts,Khaki,1,1299,1299,Mumbai,UPI
1662,2024-01-15,Lower Wear,Slim Jeans,Dark Blue,1,2999,2999,Mumbai,UPI
1663,2024-01-15,Upper Wear,Hooded Sweatshirt,Black,1,2499,2499,Mumbai,Credit Card
1664,2024-01-15,Lower Wear,Jogger Pants,Navy,1,1799,1799,Mumbai,Debit Card
1665,2024-01-15,Upper Wear,Slim Fit T-Shirt,White,1,799,799,Mumbai,UPI
1666,2024-01-15,Upper Wear,Hooded Sweatshirt,Red,2,2499,4998,Mumbai,Debit Card
1667,2024-01-15,Upper Wear,Denim Jacket,Indigo,1,4999,4999,Mumbai,UPI
1668,2024-01-15,Lower Wear,Jogger Pants,Grey,3,1799,5397,Mumbai,Debit Card
1669,2024-01-15,Upper Wear,Slim Fit T-Shirt,Black,3,799,2397,Mumbai,Credit Card
1670,2024-01-15,Upper Wear,Hooded Sweatshirt,Black,3,2499,7497,Mumbai,Debit Card
1671,2024-01-15,Upper Wear,Slim Fit T-Shirt,Black,1,799,799,Delhi,Credit Card
1672,2024-01-15,Upper Wear,Denim Jacket,Indigo,1,4999,4999,Delhi,Debit Card
1673,2024-01-15,Lower Wear,Chino Pants,Beige,2,1999,3998,Delhi,Debit Card
1674,2024-01-15,Lower Wear,Jogger Pants,Navy,3,1799,5397,Delhi,Debit Card
1675,2024-01-15,Lower Wear,Chino Pants,Beige,1,1999,1999,Delhi,Credit Card
1676,2024-01-15,Lower Wear,Jogger Pants,Grey,2,1799,3598,Delhi,Debit Card
1677,2024-01-15,Upper Wear,Denim Jacket,Black,2,4999,9998,Delhi,Debit Card
1678,2024-01-15,Upper Wear,Casual Shirt,Grey,2,1499,2998,Delhi,UPI
1679,2024-01-15,Upper Wear,Hooded Sweatshirt,Red,3,2499,7497,Delhi,UPI
1680,2024-01-15,Upper Wear,Denim Jacket,Black,2,4999,9998,Delhi,Credit Card
1681,2024-01-15,Lower Wear,Jogger Pants,Navy,1,1799,1799,Delhi,UPI
1682,2024-01-15,Lower Wear,Cargo Shorts,Khaki,3,1299,3897,Delhi,UPI
1683,2024-01-15,Lower Wear,Chino Pants,Beige,3,1999,5997,Hyderabad,Debit Card
1684,2024-01-15,Upper Wear,Casual Shirt,Grey,3,1499,4497,Hyderabad,Credit Card
1685,2024-01-15,Upper Wear,Denim Jacket,Indigo,2,4999,9998,Hyderabad,Credit Card
1686,2024-01-15,Upper Wear,Hooded Sweatshirt,Black,1,2499,2499,Hyderabad,Credit Card
1687,2024-01-15,Upper Wear,Hooded Sweatshirt,Black,2,2499,4998,Hyderabad,UPI
1688,2024-01-15,Lower Wear,Jogger Pants,Grey,3,1799,5397,Hyderabad,UPI
1689,2024-01-15,Upper Wear,Casual Shirt,Grey,1,1499,1499,Hyderabad,Credit Card
1690,2024-01-15,Lower Wear,Slim Jeans,Dark Blue,3,2999,8997,Hyderabad,Debit Card
1691,2024-01-15,Upper Wear,Slim Fit T-Shirt,Black,1,799,799,Hyderabad,Credit Card
